taxonID,seqID,log2FPKM+1,accessionNumber,blastHit,blastSpecies,gene,geneFamily,eValue,TPM,FPKM,assembler,output,genes_type,transcript_rank
Oxae3102,TRINITY_DN33110_c1_g1::TRINITY_DN33110_c1_g1_i24::g.4532::m.4532,21.56414569791097,gi|752783007|gb|GBSH01000032.1|,TSA  Boiga irregularis Birre 3FTx 3j transcribed RNA sequence,Boiga irregularis,3FTx-3j transcribed RNA sequence,ThreeFTXs,1.36e-67,557174.17,3100662.85,Trinity,Merger,Toxin,1
Oxae3102,TRINITY_DN31_c0_g1::TRINITY_DN31_c0_g1_i4::g.612::m.612,18.991499342541346,gi|752782965|gb|GBSH01000050.1|,TSA  Boiga irregularis Birre 3FTx 8e transcribed RNA sequence,Boiga irregularis,3FTx-8e transcribed RNA sequence,ThreeFTXs,8.72e-45,93658.36,521206.87,Trinity,Merger,Toxin,2
Oxae3102,TRINITY_DN6_c0_g1::TRINITY_DN6_c0_g1_i10::g.425::m.425,18.730051342448427,gi|752782963|gb|GBSH01000051.1|,TSA  Boiga irregularis Birre 3FTx 8f transcribed RNA sequence,Boiga irregularis,3FTx-8f transcribed RNA sequence,ThreeFTXs,2.73e-69,78134.48,434816.76,Trinity,Merger,Toxin,3
Oxae3102,TRINITY_DN6_c0_g1::TRINITY_DN6_c0_g1_i47::g.431::m.431,17.701023134648757,gi|1446201976|gb|MH233111.1|,Spilotes sulphureus three finger toxin 7 mRNA  partial cds,Spilotes sulphureus,"Spilotes sulphureus three-finger toxin 7 mRNA, partial cds",ThreeFTXs,1.24e-102,38288.94,213077.15,Trinity,Merger,Toxin,4
Oxae3102,TRINITY_DN43_c0_g1::TRINITY_DN43_c0_g1_i12::g.691::m.691,15.369740122948865,gi|752782972|gb|GBSH01000047.1|,TSA  Boiga irregularis Birre 3FTx 8b transcribed RNA sequence,Boiga irregularis,3FTx-8b transcribed RNA sequence,ThreeFTXs,2.28e-50,7608.15,42339.19,Trinity,Merger,Toxin,5
Oxae3102,TRINITY_DN1425_c0_g1::TRINITY_DN1425_c0_g1_i12::g.10520::m.10520,14.936966832299557,gi|537444910|gb|GAEP01001990.1|,TSA  Micrurus fulvius Mfulv Kunitz 8 seq mRNA sequence,Micrurus fulvius,Kunitz-8.seq mRNA sequence,KUNITZ,1e-85,5636.35,31366.15,Trinity,Merger,Toxin,6
Oxae3102,TRINITY_DN2835_c0_g1::TRINITY_DN2835_c0_g1_i10::g.8714::m.8714,14.220588428291462,gi|752782931|gb|GBSH01000066.1|,TSA  Boiga irregularis Birre CRISP 1b transcribed RNA sequence,Boiga irregularis,CRISP-1b transcribed RNA sequence,CRISP,0,3430.34,19089.78,Trinity,Merger,Toxin,7
Oxae3102,TRINITY_DN6_c1_g1::TRINITY_DN6_c1_g1_i14::g.442::m.442,13.390934714351767,gi|752782959|gb|GBSH01000053.1|,TSA  Boiga irregularis Birre 3FTx 9b transcribed RNA sequence,Boiga irregularis,3FTx-9b transcribed RNA sequence,ThreeFTXs,2.38e-20,1930.05,10740.7,Trinity,Merger,Toxin,8
Oxae3102,TRINITY_DN13_c0_g1::TRINITY_DN13_c0_g1_i35::g.546::m.546,12.38975232054043,gi|1446201993|gb|MH233118.1|,Spilotes sulphureus metalloproteinase mRNA  partial cds,Spilotes sulphureus,"Spilotes sulphureus metalloproteinase mRNA, partial cds",SVMP,0,964.15,5365.45,Trinity,Merger,Toxin,9
Oxae3102,TRINITY_DN6_c0_g1::TRINITY_DN6_c0_g1_i12::g.424::m.424,11.34612031797832,gi|752783009|gb|GBSH01000031.1|,TSA  Boiga irregularis Birre 3FTx 3i transcribed RNA sequence,Boiga irregularis,3FTx-3i transcribed RNA sequence,ThreeFTXs,2.83e-64,467.62,2602.29,Trinity,Merger,Toxin,10
Oxae3102,TRINITY_DN568_c0_g1::TRINITY_DN568_c0_g1_i19::g.13702::m.13702,10.880884457526289,gi|699236723|gb|GBSI01000019.1|,Htorq CTL 8a transcribed RNA sequence,HypsiglenaÂ sp,CTL-8a transcribed RNA sequence,Other,9.5e-141,338.67,1884.7,Trinity,Merger,Toxin,11
Oxae3102,TRINITY_DN128_c0_g1::TRINITY_DN128_c0_g1_i1::g.12702::m.12702,10.468542589945951,gi|699234070|gb|GBSI01001346.1|,Htorq Metallothionein transcribed RNA sequence,HypsiglenaÂ sp,Metallothionein transcribed RNA sequence,SVMP,1.44e-91,254.43,1415.92,Trinity,Merger,Toxin,12
Oxae3102,TRINITY_DN568_c0_g1::TRINITY_DN568_c0_g1_i16::g.13706::m.13706,9.926577685734863,gi|699236719|gb|GBSI01000021.1|,Htorq CTL 8c transcribed RNA sequence,HypsiglenaÂ sp,CTL-8c transcribed RNA sequence,Other,6.1e-132,174.7,972.19,Trinity,Merger,Toxin,13
Oxae3102,TRINITY_DN939_c0_g1::TRINITY_DN939_c0_g1_i1::g.14547::m.14547,8.965380273486433,ETE67375.1_1,Opha PHD finger protein 3  ,Ophiophagus hannah,PHD finger protein 3  ,ThreeFTXs,0,89.64,498.86,Trinity,Merger,Toxin,14
Oxae3102,TRINITY_DN2892_c3_g1::TRINITY_DN2892_c3_g1_i1::g.8781::m.8781,8.872490203485805,gi|1446201935|gb|MH233091.1|,Spilotes sulphureus phospholipase B mRNA  partial cds,Spilotes sulphureus,"Spilotes sulphureus phospholipase B mRNA, partial cds",PLB,0,84.04,467.69,Trinity,Merger,Toxin,15
Oxae3102,TRINITY_DN568_c0_g1::TRINITY_DN568_c0_g1_i13::g.13703::m.13703,8.617908195943246,gi|699236723|gb|GBSI01000019.1|,Htorq CTL 8a transcribed RNA sequence,HypsiglenaÂ sp,CTL-8a transcribed RNA sequence,Other,2.01e-137,70.42,391.87,Trinity,Merger,Toxin,16
Oxae3102,TRINITY_DN361_c0_g1::TRINITY_DN361_c0_g1_i10::g.17612::m.17612,8.607885089776785,gi|752782963|gb|GBSH01000051.1|,TSA  Boiga irregularis Birre 3FTx 8f transcribed RNA sequence,Boiga irregularis,3FTx-8f transcribed RNA sequence,ThreeFTXs,1.6700000000000001e-043,69.93,389.15,Trinity,Merger,Toxin,17
Oxae3102,TRINITY_DN8084_c0_g2::TRINITY_DN8084_c0_g2_i2::g.6733::m.6733,8.414262406073565,ETE60502.1_1,Opha Zinc finger protein  ,Ophiophagus hannah,Zinc finger protein  ,ThreeFTXs,0,61.12,340.15,Trinity,Merger,Toxin,18
Oxae3102,TRINITY_DN13_c0_g1::TRINITY_DN13_c0_g1_i29::g.545::m.545,8.40697027067921,gi|1446201993|gb|MH233118.1|,Spilotes sulphureus metalloproteinase mRNA  partial cds,Spilotes sulphureus,"Spilotes sulphureus metalloproteinase mRNA, partial cds",SVMP,0,60.81,338.43,Trinity,Merger,Toxin,19
Oxae3102,TRINITY_DN1054_c0_g1::TRINITY_DN1054_c0_g1_i2::g.17162::m.17162,8.370338677039774,ETE68635.1_1,Opha Zinc finger C3H1 domain containing protein  ,Ophiophagus hannah,Zinc finger C3H1 domain-containing protein  ,ThreeFTXs,0,59.28,329.92,Trinity,Merger,Toxin,20
Oxae3102,TRINITY_DN7682_c0_g1::TRINITY_DN7682_c0_g1_i2::g.4697::m.4697,8.290756138396674,ETE73877.1_1,Opha Bromodomain adjacent to zinc finger domain protein 2A  ,Ophiophagus hannah,Bromodomain adjacent to zinc finger domain protein 2A  ,ThreeFTXs,0,56.09,312.16,Trinity,Merger,Toxin,21
Oxae3102,TRINITY_DN16_c5_g1::TRINITY_DN16_c5_g1_i13::g.361::m.361,8.157397466703486,gi|752778936|gb|GBSH01001991.1|,TSA  Boiga irregularis Birre PLA2InhB transcribed RNA sequence,Boiga irregularis,PLA2InhB transcribed RNA sequence,PLA2,9.73e-120,51.13,284.51,Trinity,Merger,Toxin,22
Oxae3102,TRINITY_DN568_c0_g1::TRINITY_DN568_c0_g1_i14::g.13707::m.13707,8.147052250722192,gi|699236719|gb|GBSI01000021.1|,Htorq CTL 8c transcribed RNA sequence,HypsiglenaÂ sp,CTL-8c transcribed RNA sequence,Other,1.74e-128,50.76,282.47,Trinity,Merger,Toxin,23
Oxae3102,TRINITY_DN19_c0_g1::TRINITY_DN19_c0_g1_i1::g.744::m.744,8.112491635741861,gi|537459154|gb|GAEP01001206.1|,TSA  Micrurus fulvius Mfulv ProteaseReg4 mRNA sequence,Micrurus fulvius,ProteaseReg4 mRNA sequence,SVSP,0,49.55,275.76,Trinity,Merger,Toxin,24
Oxae3102,TRINITY_DN30158_c0_g1::TRINITY_DN30158_c0_g1_i1::g.3475::m.3475,7.977909533930245,ETE73896.1_1,Opha Zinc finger protein  ,Ophiophagus hannah,Zinc finger protein  ,ThreeFTXs,3.82e-98,45.12,251.11,Trinity,Merger,Toxin,25
Oxae3102,TRINITY_DN170_c0_g1::TRINITY_DN170_c0_g1_i1::g.12244::m.12244,7.906169067691059,gi|537459149|gb|GAEP01001207.1|,TSA  Micrurus fulvius Mfulv ProteaseReg7 mRNA sequence,Micrurus fulvius,ProteaseReg7 mRNA sequence,SVSP,0,42.92,238.88,Trinity,Merger,Toxin,26
Oxae3102,TRINITY_DN491_c0_g1::TRINITY_DN491_c0_g1_i3::g.1963::m.1963,7.889412698845931,ETE73012.1_1,Opha Bromodomain adjacent to zinc finger domain protein 1A  ,Ophiophagus hannah,Bromodomain adjacent to zinc finger domain protein 1A  ,ThreeFTXs,4.75e-62,42.43,236.11,Trinity,Merger,Toxin,27
Oxae3102,TRINITY_DN1570_c0_g1::TRINITY_DN1570_c0_g1_i1::g.15481::m.15481,7.738024684499708,ETE73455.1_1,Opha PHD and RING finger domain containing protein 1  ,Ophiophagus hannah,PHD and RING finger domain-containing protein 1  ,ThreeFTXs,0,38.18,212.49,Trinity,Merger,Toxin,28
Oxae3102,TRINITY_DN2_c0_g3::TRINITY_DN2_c0_g3_i1::g.704::m.704,7.620293149948603,ETE58238.1_1,Opha Zinc finger CCHC type and RNA binding motif containing protein 1 ,Ophiophagus hannah,Zinc finger CCHC-type and RNA-binding motif-containing protein 1 ,ThreeFTXs,0,35.18,195.76,Trinity,Merger,Toxin,29
Oxae3102,TRINITY_DN3051_c0_g2::TRINITY_DN3051_c0_g2_i3::g.13297::m.13297,7.535508677708699,ETE66756.1_1,Opha Zinc finger protein with KRAB and SCAN domains 4  ,Ophiophagus hannah,Zinc finger protein with KRAB and SCAN domains 4  ,ThreeFTXs,0,33.16,184.53,Trinity,Merger,Toxin,30
Oxae3102,TRINITY_DN2721_c0_g1::TRINITY_DN2721_c0_g1_i2::g.4339::m.4339,7.486392594275964,ETE68519.1_1,Opha Zinc finger protein  ,Ophiophagus hannah,Zinc finger protein  ,ThreeFTXs,0,32.04,178.32,Trinity,Merger,Toxin,31
Oxae3102,TRINITY_DN932_c0_g2::TRINITY_DN932_c0_g2_i10::g.14761::m.14761,7.392059775659424,ETE67802.1_1,Opha Zinc finger protein ,Ophiophagus hannah,Zinc finger protein ,ThreeFTXs,0,30,166.97,Trinity,Merger,Toxin,32
Oxae3102,TRINITY_DN7903_c0_g1::TRINITY_DN7903_c0_g1_i1::g.6634::m.6634,7.371820196738371,gi|1446201968|gb|MH233107.1|,Spilotes sulphureus metalloproteinase inhibitor mRNA  partial cds,Spilotes sulphureus,"Spilotes sulphureus metalloproteinase inhibitor mRNA, partial cds",SVMP,0,29.58,164.63,Trinity,Merger,Toxin,33
Oxae3102,TRINITY_DN68_c5_g1::TRINITY_DN68_c5_g1_i1::g.574::m.574,7.1965283609369415,gi|752778938|gb|GBSH01001990.1|,TSA  Boiga irregularis Birre PLA2Inh gB 2 transcribed RNA sequence,Boiga irregularis,PLA2Inh-gB-2 transcribed RNA sequence,PLA2,0,26.18,145.68,Trinity,Merger,Toxin,34
Oxae3102,TRINITY_DN1510_c1_g2::TRINITY_DN1510_c1_g2_i5::g.15635::m.15635,7.110405006739277,ETE62789.1_1,Opha PHD finger protein 20 like protein 1 ,Ophiophagus hannah,PHD finger protein 20-like protein 1 ,ThreeFTXs,0,24.65,137.18,Trinity,Merger,Toxin,35
Oxae3102,TRINITY_DN39159_c0_g1::TRINITY_DN39159_c0_g1_i1::g.15220::m.15220,6.941223712992384,ETE71098.1_1,Opha Zinc finger CCHC domain containing protein 10  ,Ophiophagus hannah,Zinc finger CCHC domain-containing protein 10  ,ThreeFTXs,2.73e-104,21.9,121.89,Trinity,Merger,Toxin,36
Oxae3102,TRINITY_DN22016_c0_g1::TRINITY_DN22016_c0_g1_i1::g.15701::m.15701,6.903640874457703,ETE72494.1_1,Opha Myeloid zinc finger 1  ,Ophiophagus hannah,Myeloid zinc finger 1  ,ThreeFTXs,0,21.34,118.73,Trinity,Merger,Toxin,37
Oxae3102,TRINITY_DN932_c0_g2::TRINITY_DN932_c0_g2_i4::g.14764::m.14764,6.833522636424775,ETE67802.1_1,Opha Zinc finger protein ,Ophiophagus hannah,Zinc finger protein ,ThreeFTXs,0,20.31,113.05,Trinity,Merger,Toxin,38
Oxae3102,TRINITY_DN825_c0_g1::TRINITY_DN825_c0_g1_i1::g.2835::m.2835,6.7998644108818525,gi|752778705|gb|GBSH01002100.1|,TSA  Boiga irregularis Birre ProteaseReg 6A transcribed RNA sequence,Boiga irregularis,ProteaseReg-6A transcribed RNA sequence,SVSP,0,19.84,110.42,Trinity,Merger,Toxin,39
Oxae3102,TRINITY_DN8716_c0_g1::TRINITY_DN8716_c0_g1_i1::g.1443::m.1443,6.762083003567673,ETE72835.1_1,Opha Sentrin specific protease 6  ,Ophiophagus hannah,Sentrin-specific protease 6  ,SVSP,8.11e-161,19.32,107.54,Trinity,Merger,Toxin,40
Oxae3102,TRINITY_DN2597_c0_g1::TRINITY_DN2597_c0_g1_i3::g.7516::m.7516,6.701549056943071,gi|537459154|gb|GAEP01001206.1|,TSA  Micrurus fulvius Mfulv ProteaseReg4 mRNA sequence,Micrurus fulvius,ProteaseReg4 mRNA sequence,SVSP,0,18.52,103.08,Trinity,Merger,Toxin,41
Oxae3102,TRINITY_DN10132_c0_g1::TRINITY_DN10132_c0_g1_i2::g.19583::m.19583,6.676239195086378,ETE68161.1_1,Opha Zinc finger protein  ,Ophiophagus hannah,Zinc finger protein  ,ThreeFTXs,0,18.2,101.27,Trinity,Merger,Toxin,42
Oxae3102,TRINITY_DN491_c0_g1::TRINITY_DN491_c0_g1_i2::g.1960::m.1960,6.668175868970137,ETE59032.1_1,Opha Bromodomain adjacent to zinc finger domain protein 1A  ,Ophiophagus hannah,Bromodomain adjacent to zinc finger domain protein 1A  ,ThreeFTXs,0,18.1,100.7,Trinity,Merger,Toxin,43
Oxae3102,TRINITY_DN394_c1_g2::TRINITY_DN394_c1_g2_i2::g.17681::m.17681,6.640244936222346,gi|521756095|gb|GAAZ01001765.1|,TSA  Crotalus horridus Chorr PHDFinger20 mRNA sequence,Crotalus horridus,PHDFinger20 mRNA sequence,ThreeFTXs,0,17.74,98.75,Trinity,Merger,Toxin,44
Oxae3102,TRINITY_DN7872_c0_g1::TRINITY_DN7872_c0_g1_i1::g.2017::m.2017,6.606738317417591,gi|537459640|gb|GAEP01001109.1|,TSA  Micrurus fulvius Mfulv PHDFinger14 mRNA sequence,Micrurus fulvius,PHDFinger14 mRNA sequence,ThreeFTXs,0,17.33,96.46,Trinity,Merger,Toxin,45
Oxae3102,TRINITY_DN504_c0_g1::TRINITY_DN504_c0_g1_i3::g.13744::m.13744,6.524345816462544,gi|752782838|gb|GBSH01000108.1|,TSA  Boiga irregularis Birre Waprin 2 transcribed RNA sequence,Boiga irregularis,Waprin-2 transcribed RNA sequence,Waprin,0,16.36,91.05,Trinity,Merger,Toxin,46
Oxae3102,TRINITY_DN7553_c0_g2::TRINITY_DN7553_c0_g2_i1::g.11901::m.11901,6.507160349117523,somethingtotrickblast138,Erythrolamprus miliaris EMILIARIS seMMP 01,Erythrolamprus miliaris,seMMP_01,Other,4.51e-23,16.16,89.96,Trinity,Merger,Toxin,47
Oxae3102,TRINITY_DN1282_c0_g1::TRINITY_DN1282_c0_g1_i4::g.14283::m.14283,6.498250867527825,ETE62980.1_1,Opha putative phospholipase B like 2  ,Ophiophagus hannah,putative phospholipase B-like 2  ,PLB,1.99e-126,16.07,89.4,Trinity,Merger,Toxin,48
Oxae3102,TRINITY_DN3268_c0_g2::TRINITY_DN3268_c0_g2_i1::g.9962::m.9962,6.491211756003092,gi|752778946|gb|GBSH01001986.1|,TSA  Boiga irregularis Birre PLA2Inh 1 transcribed RNA sequence,Boiga irregularis,PLA2Inh-1 transcribed RNA sequence,PLA2,0,15.99,88.96,Trinity,Merger,Toxin,49
Oxae3102,TRINITY_DN1154_c3_g1::TRINITY_DN1154_c3_g1_i1::g.2049::m.2049,6.460906348207246,ETE63086.1_1,Opha Zinc finger protein  ,Ophiophagus hannah,Zinc finger protein  ,ThreeFTXs,0,15.65,87.09,Trinity,Merger,Toxin,50
Oxae3102,TRINITY_DN15581_c0_g1::TRINITY_DN15581_c0_g1_i5::g.2678::m.2678,6.42071818337442,ETE73877.1_1,Opha Bromodomain adjacent to zinc finger domain protein 2A  ,Ophiophagus hannah,Bromodomain adjacent to zinc finger domain protein 2A  ,ThreeFTXs,0,15.21,84.67,Trinity,Merger,Toxin,51
Oxae3102,TRINITY_DN24287_c0_g2::TRINITY_DN24287_c0_g2_i1::g.17291::m.17291,6.371907297595153,gi|537458553|gb|GAEP01001315.1|,TSA  Micrurus fulvius Mfulv RINGFinger103 mRNA sequence,Micrurus fulvius,RINGFinger103 mRNA sequence,ThreeFTXs,5.77e-156,14.7,81.82,Trinity,Merger,Toxin,52
Oxae3102,TRINITY_DN6081_c0_g1::TRINITY_DN6081_c0_g1_i1::g.2609::m.2609,6.318678373736547,ETE73659.1_1,Opha Zinc finger MYM type protein 2  ,Ophiophagus hannah,Zinc finger MYM-type protein 2  ,ThreeFTXs,2.44e-169,14.16,78.82,Trinity,Merger,Toxin,53
Oxae3102,TRINITY_DN2282_c0_g1::TRINITY_DN2282_c0_g1_i2::g.18919::m.18919,6.305240965954483,ETE65855.1_1,Opha MORC family CW type zinc finger protein 3  ,Ophiophagus hannah,MORC family CW-type zinc finger protein 3  ,ThreeFTXs,0,14.03,78.08,Trinity,Merger,Toxin,54
Oxae3102,TRINITY_DN56157_c0_g1::TRINITY_DN56157_c0_g1_i1::g.9675::m.9675,6.293885430302371,ETE72217.1_1,Opha Prenylcysteine oxidase like protein  ,Ophiophagus hannah,Prenylcysteine oxidase-like protein  ,CRISP,0,13.92,77.46,Trinity,Merger,Toxin,55
Oxae3102,TRINITY_DN322_c0_g1::TRINITY_DN322_c0_g1_i6::g.17313::m.17313,6.2925977202664525,ETE69788.1_1,Opha Zinc finger CCCH domain containing protein 6  ,Ophiophagus hannah,Zinc finger CCCH domain-containing protein 6  ,ThreeFTXs,1.09e-145,13.91,77.39,Trinity,Merger,Toxin,56
Oxae3102,TRINITY_DN1370_c1_g2::TRINITY_DN1370_c1_g2_i1::g.19153::m.19153,6.256255873202732,ETE58772.1_1,Opha Zinc finger CCHC domain containing protein 4 ,Ophiophagus hannah,Zinc finger CCHC domain-containing protein 4 ,ThreeFTXs,2.91e-31,13.56,75.44,Trinity,Merger,Toxin,57
Oxae3102,TRINITY_DN14876_c0_g1::TRINITY_DN14876_c0_g1_i1::g.15245::m.15245,6.1034976397033365,gi|752782905|gb|GBSH01000077.1|,TSA  Boiga irregularis Birre CTL 8b transcribed RNA sequence,Boiga irregularis,CTL-8b transcribed RNA sequence,Other,0,12.18,67.76,Trinity,Merger,Toxin,58
Oxae3102,TRINITY_DN28572_c0_g1::TRINITY_DN28572_c0_g1_i1::g.15964::m.15964,6.073606040574941,ETE73362.1_1,Opha Zinc finger protein ,Ophiophagus hannah,Zinc finger protein ,ThreeFTXs,0,11.92,66.35,Trinity,Merger,Toxin,59
Oxae3102,TRINITY_DN4084_c0_g1::TRINITY_DN4084_c0_g1_i1::g.5843::m.5843,6.001577085389535,ETE61564.1_1,Opha Zinc finger protein  ,Ophiophagus hannah,Zinc finger protein  ,ThreeFTXs,0,11.33,63.07,Trinity,Merger,Toxin,60
Oxae3102,TRINITY_DN23865_c0_g1::TRINITY_DN23865_c0_g1_i1::g.15060::m.15060,5.988002937508055,gi|752778926|gb|GBSH01001996.1|,TSA  Boiga irregularis Birre PlasminogenAct1 transcribed RNA sequence,Boiga irregularis,PlasminogenAct1 transcribed RNA sequence,SVSP,0,11.23,62.47,Trinity,Merger,Toxin,61
Oxae3102,TRINITY_DN24384_c1_g1::TRINITY_DN24384_c1_g1_i1::g.9364::m.9364,5.983221650742669,ETE59650.1_1,Opha Zinc finger protein  ,Ophiophagus hannah,Zinc finger protein  ,ThreeFTXs,1.88e-152,11.19,62.26,Trinity,Merger,Toxin,62
Oxae3102,TRINITY_DN1739_c1_g1::TRINITY_DN1739_c1_g1_i3::g.11628::m.11628,5.966476612136409,ETE57793.1_1,Opha RING finger protein 39  ,Ophiophagus hannah,RING finger protein 39  ,ThreeFTXs,2.53e-76,11.06,61.53,Trinity,Merger,Toxin,63
Oxae3102,TRINITY_DN15793_c0_g1::TRINITY_DN15793_c0_g1_i1::g.7269::m.7269,5.951401291674311,gi|752780179|gb|GBSH01001372.1|,TSA  Boiga irregularis Birre InsulinGF 5 transcribed RNA sequence,Boiga irregularis,InsulinGF-5 transcribed RNA sequence,Other,0,10.94,60.88,Trinity,Merger,Toxin,64
Oxae3102,TRINITY_DN6523_c0_g1::TRINITY_DN6523_c0_g1_i2::g.8076::m.8076,5.9233869155047145,ETE66122.1_1,Opha Zinc finger and BTB domain containing protein 17  ,Ophiophagus hannah,Zinc finger and BTB domain-containing protein 17  ,ThreeFTXs,0,10.73,59.69,Trinity,Merger,Toxin,65
Oxae3102,TRINITY_DN58233_c0_g1::TRINITY_DN58233_c0_g1_i1::g.20018::m.20018,5.921959917326167,ETE63086.1_1,Opha Zinc finger protein  ,Ophiophagus hannah,Zinc finger protein  ,ThreeFTXs,0,10.72,59.63,Trinity,Merger,Toxin,66
Oxae3102,TRINITY_DN88394_c0_g1::TRINITY_DN88394_c0_g1_i1::g.8118::m.8118,5.92148393743373,ETE66887.1_1,Opha Zinc finger protein  ,Ophiophagus hannah,Zinc finger protein  ,ThreeFTXs,0,10.71,59.61,Trinity,Merger,Toxin,67
Oxae3102,TRINITY_DN7661_c0_g1::TRINITY_DN7661_c0_g1_i1::g.4670::m.4670,5.910492832288714,ETE69001.1_1,Opha Zinc finger protein  ,Ophiophagus hannah,Zinc finger protein  ,ThreeFTXs,0,10.63,59.15,Trinity,Merger,Toxin,68
Oxae3102,TRINITY_DN32060_c0_g1::TRINITY_DN32060_c0_g1_i1::g.20192::m.20192,5.899175630480513,ETE68519.1_1,Opha Zinc finger protein  ,Ophiophagus hannah,Zinc finger protein  ,ThreeFTXs,0,10.55,58.68,Trinity,Merger,Toxin,69
Oxae3102,TRINITY_DN15793_c0_g1::TRINITY_DN15793_c0_g1_i2::g.7270::m.7270,5.891176124754544,gi|752780179|gb|GBSH01001372.1|,TSA  Boiga irregularis Birre InsulinGF 5 transcribed RNA sequence,Boiga irregularis,InsulinGF-5 transcribed RNA sequence,Other,8.97e-104,10.49,58.35,Trinity,Merger,Toxin,70
Oxae3102,TRINITY_DN9263_c0_g1::TRINITY_DN9263_c0_g1_i2::g.7667::m.7667,5.824004050933153,ETE67375.1_1,Opha PHD finger protein 3  ,Ophiophagus hannah,PHD finger protein 3  ,ThreeFTXs,0,10,55.65,Trinity,Merger,Toxin,71
Oxae3102,TRINITY_DN22198_c0_g1::TRINITY_DN22198_c0_g1_i4::g.7825::m.7825,5.816343705284859,gi|752779249|gb|GBSH01001835.1|,TSA  Boiga irregularis Birre NUC10 transcribed RNA sequence,Boiga irregularis,NUC10 transcribed RNA sequence,Other,0,9.95,55.35,Trinity,Merger,Toxin,72
Oxae3102,TRINITY_DN5468_c0_g1::TRINITY_DN5468_c0_g1_i1::g.3916::m.3916,5.800123352826528,ETE72880.1_1,Opha Zinc finger protein  ,Ophiophagus hannah,Zinc finger protein  ,ThreeFTXs,0,9.83,54.72,Trinity,Merger,Toxin,73
Oxae3102,TRINITY_DN619_c0_g1::TRINITY_DN619_c0_g1_i2::g.6018::m.6018,5.715344295358907,ETE67885.1_1,Opha Zinc finger protein ,Ophiophagus hannah,Zinc finger protein ,ThreeFTXs,0,9.26,51.54,Trinity,Merger,Toxin,74
Oxae3102,TRINITY_DN14020_c0_g1::TRINITY_DN14020_c0_g1_i3::g.20634::m.20634,5.697662633470518,ETE59550.1_1,Opha Zinc finger and BTB domain containing protein 49  ,Ophiophagus hannah,Zinc finger and BTB domain-containing protein 49  ,ThreeFTXs,1.12e-145,9.15,50.9,Trinity,Merger,Toxin,75
Oxae3102,TRINITY_DN322_c0_g1::TRINITY_DN322_c0_g1_i1::g.17309::m.17309,5.678916986679839,ETE69788.1_1,Opha Zinc finger CCCH domain containing protein 6  ,Ophiophagus hannah,Zinc finger CCCH domain-containing protein 6  ,ThreeFTXs,0,9.03,50.23,Trinity,Merger,Toxin,76
Oxae3102,TRINITY_DN2597_c0_g3::TRINITY_DN2597_c0_g3_i2::g.7517::m.7517,5.663629258814752,gi|752778710|gb|GBSH01002098.1|,TSA  Boiga irregularis Birre Protease6B transcribed RNA sequence,Boiga irregularis,Protease6B transcribed RNA sequence,SVSP,0,8.93,49.69,Trinity,Merger,Toxin,77
Oxae3102,TRINITY_DN2225_c0_g1::TRINITY_DN2225_c0_g1_i1::g.18955::m.18955,5.606738317417591,ETE64313.1_1,Opha Zinc finger CCHC domain containing protein 8  ,Ophiophagus hannah,Zinc finger CCHC domain-containing protein 8  ,ThreeFTXs,0,8.58,47.73,Trinity,Merger,Toxin,78
Oxae3102,TRINITY_DN20314_c0_g1::TRINITY_DN20314_c0_g1_i1::g.16099::m.16099,5.547819956577703,ETE66268.1_1,Opha Mitochondrial inner membrane protease subunit 1  ,Ophiophagus hannah,Mitochondrial inner membrane protease subunit 1  ,SVSP,0,8.23,45.78,Trinity,Merger,Toxin,79
Oxae3102,TRINITY_DN32410_c0_g1::TRINITY_DN32410_c0_g1_i1::g.17788::m.17788,5.51064550409004,ETE59506.1_1,Opha RanBP type and C3HC4 type zinc finger containing protein 1 ,Ophiophagus hannah,RanBP-type and C3HC4-type zinc finger-containing protein 1 ,ThreeFTXs,4.89e-147,8.01,44.59,Trinity,Merger,Toxin,80
Oxae3102,TRINITY_DN18383_c0_g1::TRINITY_DN18383_c0_g1_i2::g.19431::m.19431,5.498889086976805,ETE57746.1_1,Opha Cysteine protease ATG4D  ,Ophiophagus hannah,Cysteine protease ATG4D  ,SVSP,0,7.95,44.22,Trinity,Merger,Toxin,81
Oxae3102,TRINITY_DN15306_c0_g1::TRINITY_DN15306_c0_g1_i1::g.9507::m.9507,5.486392594275964,ETE64231.1_1,Opha Zinc finger protein DZIP1L  ,Ophiophagus hannah,Zinc finger protein DZIP1L  ,ThreeFTXs,0,7.88,43.83,Trinity,Merger,Toxin,82
Oxae3102,TRINITY_DN90_c0_g1::TRINITY_DN90_c0_g1_i14::g.802::m.802,5.44857062600553,somethingtotrickblast40,Thamnodynastes nattereri TNATTERERI seMMP 01,Thamnodynastes nattereri,seMMP_01,Other,4.75e-67,7.67,42.67,Trinity,Merger,Toxin,83
Oxae3102,TRINITY_DN4084_c0_g1::TRINITY_DN4084_c0_g1_i3::g.5845::m.5845,5.43028527297778,ETE61564.1_1,Opha Zinc finger protein  ,Ophiophagus hannah,Zinc finger protein  ,ThreeFTXs,0,7.57,42.12,Trinity,Merger,Toxin,84
Oxae3102,TRINITY_DN65878_c0_g1::TRINITY_DN65878_c0_g1_i1::g.11796::m.11796,5.359661722333877,ETE63615.1_1,Opha Zinc finger X chromosomal protein  ,Ophiophagus hannah,Zinc finger X-chromosomal protein  ,ThreeFTXs,5.66e-176,7.2,40.06,Trinity,Merger,Toxin,85
Oxae3102,TRINITY_DN2198_c6_g1::TRINITY_DN2198_c6_g1_i1::g.14032::m.14032,5.359310316890443,ETE66429.1_1,Opha Zinc finger protein  ,Ophiophagus hannah,Zinc finger protein  ,ThreeFTXs,0,7.2,40.05,Trinity,Merger,Toxin,86
Oxae3102,TRINITY_DN31_c0_g1::TRINITY_DN31_c0_g1_i1::g.613::m.613,5.3529703382459335,gi|752782965|gb|GBSH01000050.1|,TSA  Boiga irregularis Birre 3FTx 8e transcribed RNA sequence,Boiga irregularis,3FTx-8e transcribed RNA sequence,ThreeFTXs,8.48e-45,7.16,39.87,Trinity,Merger,Toxin,87
Oxae3102,TRINITY_DN394_c1_g2::TRINITY_DN394_c1_g2_i4::g.17679::m.17679,5.349082146391089,gi|521756095|gb|GAAZ01001765.1|,TSA  Crotalus horridus Chorr PHDFinger20 mRNA sequence,Crotalus horridus,PHDFinger20 mRNA sequence,ThreeFTXs,0,7.15,39.76,Trinity,Merger,Toxin,88
Oxae3102,TRINITY_DN31_c0_g1::TRINITY_DN31_c0_g1_i12::g.614::m.614,5.266786540694901,gi|1446201991|gb|MH233117.1|,Spilotes sulphureus three finger toxin 11 mRNA  partial cds,Spilotes sulphureus,"Spilotes sulphureus three-finger toxin 11 mRNA, partial cds",ThreeFTXs,9.87e-29,6.74,37.5,Trinity,Merger,Toxin,89
Oxae3102,TRINITY_DN89_c0_g1::TRINITY_DN89_c0_g1_i1::g.451::m.451,5.24412594328373,gi|537458565|gb|GAEP01001313.1|,TSA  Micrurus fulvius Mfulv RINGFinger 10 mRNA sequence,Micrurus fulvius,RINGFinger-10 mRNA sequence,ThreeFTXs,0,6.63,36.9,Trinity,Merger,Toxin,90
Oxae3102,TRINITY_DN2456_c0_g1::TRINITY_DN2456_c0_g1_i1::g.15395::m.15395,5.239550796613645,ETE66795.1_1,Opha PHD finger protein 10  ,Ophiophagus hannah,PHD finger protein 10  ,ThreeFTXs,0,6.61,36.78,Trinity,Merger,Toxin,91
Oxae3102,TRINITY_DN8604_c0_g1::TRINITY_DN8604_c0_g1_i1::g.16922::m.16922,5.217618485351048,ETE67375.1_1,Opha PHD finger protein 3  ,Ophiophagus hannah,PHD finger protein 3  ,ThreeFTXs,0,6.51,36.21,Trinity,Merger,Toxin,92
Oxae3102,TRINITY_DN6386_c0_g1::TRINITY_DN6386_c0_g1_i1::g.10958::m.10958,5.178714641175443,ETE69884.1_1,Opha tRNA selenocysteine 1 associated protein 1 ,Ophiophagus hannah,tRNA selenocysteine 1-associated protein 1 ,CRISP,0,6.33,35.22,Trinity,Merger,Toxin,93
Oxae3102,TRINITY_DN5468_c0_g1::TRINITY_DN5468_c0_g1_i2::g.3915::m.3915,5.172727518012846,ETE72880.1_1,Opha Zinc finger protein  ,Ophiophagus hannah,Zinc finger protein  ,ThreeFTXs,0,6.3,35.07,Trinity,Merger,Toxin,94
Oxae3102,TRINITY_DN29276_c0_g1::TRINITY_DN29276_c0_g1_i1::g.15719::m.15719,5.164705840182799,ETE57861.1_1,Opha PHD finger protein 23  ,Ophiophagus hannah,PHD finger protein 23  ,ThreeFTXs,1.4e-111,6.27,34.87,Trinity,Merger,Toxin,95
Oxae3102,TRINITY_DN20824_c0_g1::TRINITY_DN20824_c0_g1_i1::g.13159::m.13159,5.150965783556497,ETE60571.1_1,Opha Homocysteine responsive endoplasmic reticulum resident ubiquitin like domain member 2 protein ,Ophiophagus hannah,Homocysteine-responsive endoplasmic reticulum-resident ubiquitin-like domain member 2 protein ,CRISP,0,6.21,34.53,Trinity,Merger,Toxin,96
Oxae3102,TRINITY_DN18200_c0_g1::TRINITY_DN18200_c0_g1_i1::g.6686::m.6686,5.145677455195635,ETE71141.1_1,Opha Zinc finger CCHC domain containing protein 2 ,Ophiophagus hannah,Zinc finger CCHC domain-containing protein 2 ,ThreeFTXs,7.41e-177,6.18,34.4,Trinity,Merger,Toxin,97
Oxae3102,TRINITY_DN1061_c4_g1::TRINITY_DN1061_c4_g1_i1::g.17123::m.17123,5.12474169241965,gi|752782913|gb|GBSH01000074.1|,TSA  Boiga irregularis Birre CTL 6 transcribed RNA sequence,Boiga irregularis,CTL-6 transcribed RNA sequence,Other,1.56e-172,6.09,33.89,Trinity,Merger,Toxin,98
Oxae3102,TRINITY_DN2830_c0_g1::TRINITY_DN2830_c0_g1_i1::g.8666::m.8666,5.119771161952904,ETE72333.1_1,Opha Zinc finger E box binding homeobox 1  ,Ophiophagus hannah,Zinc finger E-box-binding homeobox 1  ,ThreeFTXs,4.07e-125,6.07,33.77,Trinity,Merger,Toxin,99
Oxae3102,TRINITY_DN4801_c0_g1::TRINITY_DN4801_c0_g1_i4::g.12877::m.12877,5.104755986962257,gi|752778940|gb|GBSH01001989.1|,TSA  Boiga irregularis Birre PLA2Inh gB 1 transcribed RNA sequence,Boiga irregularis,PLA2Inh-gB-1 transcribed RNA sequence,PLA2,0,6,33.41,Trinity,Merger,Toxin,100
Oxae3102,TRINITY_DN3308_c0_g1::TRINITY_DN3308_c0_g1_i1::g.15179::m.15179,5.101818134227409,ETE68284.1_1,Opha Zinc finger transcription factor Trps1  ,Ophiophagus hannah,Zinc finger transcription factor Trps1  ,ThreeFTXs,0,5.99,33.34,Trinity,Merger,Toxin,101
Oxae3102,TRINITY_DN20460_c0_g1::TRINITY_DN20460_c0_g1_i1::g.16167::m.16167,5.00943675560809,gi|521755955|gb|GAAZ01001811.1|,TSA  Crotalus horridus PlasmaProteaseC1Inhib mRNA sequence,Crotalus horridus,PlasmaProteaseC1Inhib mRNA sequence,SVSP,0,5.61,31.21,Trinity,Merger,Toxin,102
Oxae3102,TRINITY_DN72602_c0_g1::TRINITY_DN72602_c0_g1_i1::g.18610::m.18610,4.968090752045256,ETE62715.1_1,Opha Zinc finger protein RFP  ,Ophiophagus hannah,Zinc finger protein RFP  ,ThreeFTXs,0,5.45,30.3,Trinity,Merger,Toxin,103
Oxae3102,TRINITY_DN322_c0_g1::TRINITY_DN322_c0_g1_i7::g.17324::m.17324,4.956985924612576,ETE69788.1_1,Opha Zinc finger CCCH domain containing protein 6  ,Ophiophagus hannah,Zinc finger CCCH domain-containing protein 6  ,ThreeFTXs,0,5.4,30.06,Trinity,Merger,Toxin,104
Oxae3102,TRINITY_DN4177_c0_g1::TRINITY_DN4177_c0_g1_i1::g.9794::m.9794,4.95093492831454,ETE56250.1_1,Opha Zinc finger protein  ,Ophiophagus hannah,Zinc finger protein  ,ThreeFTXs,3.27e-30,5.38,29.93,Trinity,Merger,Toxin,105
Oxae3102,TRINITY_DN4011_c1_g1::TRINITY_DN4011_c1_g1_i2::g.5801::m.5801,4.944389962270092,gi|537444732|gb|GAEP01002060.1|,TSA  Micrurus fulvius Mfulv PLA2 8 seq mRNA sequence,Micrurus fulvius,PLA2-8.seq mRNA sequence,PLA2,2.16e-11,5.35,29.79,Trinity,Merger,Toxin,106
Oxae3102,TRINITY_DN11324_c0_g1::TRINITY_DN11324_c0_g1_i1::g.16290::m.16290,4.893362210763872,ETE71062.1_1,Opha Zinc finger protein  ,Ophiophagus hannah,Zinc finger protein  ,ThreeFTXs,0,5.16,28.72,Trinity,Merger,Toxin,107
Oxae3102,TRINITY_DN207_c0_g1::TRINITY_DN207_c0_g1_i1::g.5197::m.5197,4.878725341480106,ETE67338.1_1,Opha Zinc finger protein  ,Ophiophagus hannah,Zinc finger protein  ,ThreeFTXs,1.11e-6,5.11,28.42,Trinity,Merger,Toxin,108
Oxae3102,TRINITY_DN1784_c0_g1::TRINITY_DN1784_c0_g1_i1::g.11556::m.11556,4.877253453876608,ETE69157.1_1,Opha Zinc finger protein  ,Ophiophagus hannah,Zinc finger protein  ,ThreeFTXs,0,5.1,28.39,Trinity,Merger,Toxin,109
Oxae3102,TRINITY_DN952_c13_g1::TRINITY_DN952_c13_g1_i1::g.14728::m.14728,4.786073551578548,ETE59506.1_1,Opha RanBP type and C3HC4 type zinc finger containing protein 1 ,Ophiophagus hannah,RanBP-type and C3HC4-type zinc finger-containing protein 1 ,ThreeFTXs,0,4.78,26.59,Trinity,Merger,Toxin,110
Oxae3102,TRINITY_DN60232_c0_g1::TRINITY_DN60232_c0_g1_i1::g.4252::m.4252,4.775050541483175,ETE69340.1_1,Opha Mannan binding lectin serine protease 2 ,Ophiophagus hannah,Mannan-binding lectin serine protease 2 ,SVSP,0,4.74,26.38,Trinity,Merger,Toxin,111
Oxae3102,TRINITY_DN44798_c0_g1::TRINITY_DN44798_c0_g1_i1::g.10875::m.10875,4.715344295358907,ETE72494.1_1,Opha Myeloid zinc finger 1  ,Ophiophagus hannah,Myeloid zinc finger 1  ,ThreeFTXs,7.58e-85,4.54,25.27,Trinity,Merger,Toxin,112
Oxae3102,TRINITY_DN40011_c0_g2::TRINITY_DN40011_c0_g2_i1::g.15271::m.15271,4.678635347822744,gi|699236743|gb|GBSI01000009.1|,Htorq CTL 3 transcribed RNA sequence,HypsiglenaÂ sp,CTL-3 transcribed RNA sequence,Other,1.16e-84,4.42,24.61,Trinity,Merger,Toxin,113
Oxae3102,TRINITY_DN4808_c4_g1::TRINITY_DN4808_c4_g1_i1::g.12818::m.12818,4.675251386050259,ETE64897.1_1,Opha Zinc finger CCCH domain containing protein 13 ,Ophiophagus hannah,Zinc finger CCCH domain-containing protein 13 ,ThreeFTXs,1.18e-13,4.41,24.55,Trinity,Merger,Toxin,114
Oxae3102,TRINITY_DN6418_c0_g2::TRINITY_DN6418_c0_g2_i1::g.16050::m.16050,4.620586410451877,ETE59297.1_1,Opha Zinc finger protein 84  ,Ophiophagus hannah,Zinc finger protein 84  ,ThreeFTXs,1.53e-157,4.24,23.6,Trinity,Merger,Toxin,115
Oxae3102,TRINITY_DN17212_c0_g1::TRINITY_DN17212_c0_g1_i1::g.14387::m.14387,4.605257262939004,gi|752782917|gb|GBSH01000072.1|,TSA  Boiga irregularis Birre CTL 4 transcribed RNA sequence,Boiga irregularis,CTL-4 transcribed RNA sequence,Other,0,4.19,23.34,Trinity,Merger,Toxin,116
Oxae3102,TRINITY_DN2111_c0_g1::TRINITY_DN2111_c0_g1_i1::g.14049::m.14049,4.595145567990858,gi|387018545|gb|JU175867.1|,TSA  Crotalus adamanteus Cadam SerineProtease23  mRNA sequence,Crotalus adamanteus,"SerineProtease23, mRNA sequence",SVSP,3.47e-58,4.16,23.17,Trinity,Merger,Toxin,117
Oxae3102,TRINITY_DN43837_c0_g1::TRINITY_DN43837_c0_g1_i1::g.19693::m.19693,4.595145567990858,ETE73352.1_1,Opha Hyaluronidase 2  ,Ophiophagus hannah,Hyaluronidase-2  ,Other,1.02e-178,4.16,23.17,Trinity,Merger,Toxin,118
Oxae3102,TRINITY_DN9333_c0_g1::TRINITY_DN9333_c0_g1_i1::g.20229::m.20229,4.589164236699772,ETE59507.1_1,Opha RanBP type and C3HC4 type zinc finger containing protein 1  ,Ophiophagus hannah,RanBP-type and C3HC4-type zinc finger-containing protein 1  ,ThreeFTXs,4.91e-107,4.15,23.07,Trinity,Merger,Toxin,119
Oxae3102,TRINITY_DN3790_c0_g1::TRINITY_DN3790_c0_g1_i1::g.8522::m.8522,4.5861642459309095,somethingtotrickblast188,Pseudoboa nigra PNIGRA seMMP,Pseudoboa nigra,Pseudoboa nigra PNIGRA_seMMP,Other,5.37e-60,4.14,23.02,Trinity,Merger,Toxin,120
Oxae3102,TRINITY_DN90_c0_g1::TRINITY_DN90_c0_g1_i7::g.800::m.800,4.520422248526446,somethingtotrickblast186,Phalotris mertensi PMERTENSI seMMP,Phalotris mertensi,Phalotris mertensi PMERTENSI_seMMP,Other,3.22e-65,3.94,21.95,Trinity,Merger,Toxin,121
Oxae3102,TRINITY_DN14325_c0_g1::TRINITY_DN14325_c0_g1_i2::g.5350::m.5350,4.516645557780962,gi|752778942|gb|GBSH01001988.1|,TSA  Boiga irregularis Birre PLA2Inh 3 transcribed RNA sequence,Boiga irregularis,PLA2Inh-3 transcribed RNA sequence,PLA2,0,3.93,21.89,Trinity,Merger,Toxin,122
Oxae3102,TRINITY_DN872_c1_g1::TRINITY_DN872_c1_g1_i1::g.2890::m.2890,4.505890929729957,ETE73176.1_1,Opha LON peptidase N terminal domain and RING finger protein 3  ,Ophiophagus hannah,LON peptidase N-terminal domain and RING finger protein 3  ,ThreeFTXs,8.09e-135,3.9,21.72,Trinity,Merger,Toxin,123
Oxae3102,TRINITY_DN872_c1_g1::TRINITY_DN872_c1_g1_i2::g.2891::m.2891,4.500802053057158,ETE73176.1_1,Opha LON peptidase N terminal domain and RING finger protein 3  ,Ophiophagus hannah,LON peptidase N-terminal domain and RING finger protein 3  ,ThreeFTXs,5.12e-138,3.89,21.64,Trinity,Merger,Toxin,124
Oxae3102,TRINITY_DN1494_c0_g1::TRINITY_DN1494_c0_g1_i6::g.10536::m.10536,4.477677327565307,gi|537444851|gb|GAEP01002013.1|,TSA  Micrurus fulvius Mfulv PLA2 15 seq mRNA sequence,Micrurus fulvius,PLA2-15.seq mRNA sequence,PLA2,3.17e-179,3.82,21.28,Trinity,Merger,Toxin,125
Oxae3102,TRINITY_DN15720_c0_g1::TRINITY_DN15720_c0_g1_i1::g.7250::m.7250,4.4561490346479955,ETE60809.1_1,Opha Zinc finger and SCAN domain containing protein 16  ,Ophiophagus hannah,Zinc finger and SCAN domain-containing protein 16  ,ThreeFTXs,0,3.77,20.95,Trinity,Merger,Toxin,126
Oxae3102,TRINITY_DN1684_c0_g1::TRINITY_DN1684_c0_g1_i1::g.20353::m.20353,4.454833906898869,ETE65031.1_1,Opha Zinc finger CCCH domain containing protein 11A ,Ophiophagus hannah,Zinc finger CCCH domain-containing protein 11A ,ThreeFTXs,0,3.76,20.93,Trinity,Merger,Toxin,127
Oxae3102,TRINITY_DN932_c0_g2::TRINITY_DN932_c0_g2_i2::g.14762::m.14762,4.416839741912829,ETE67802.1_1,Opha Zinc finger protein ,Ophiophagus hannah,Zinc finger protein ,ThreeFTXs,0,3.66,20.36,Trinity,Merger,Toxin,128
Oxae3102,TRINITY_DN79039_c0_g1::TRINITY_DN79039_c0_g1_i1::g.3612::m.3612,4.40735275114004,ETE65151.1_1,Opha Transmembrane protease serine 12  ,Ophiophagus hannah,Transmembrane protease serine 12  ,SVSP,2.04e-46,3.63,20.22,Trinity,Merger,Toxin,129
Oxae3102,TRINITY_DN75375_c0_g1::TRINITY_DN75375_c0_g1_i1::g.7083::m.7083,4.401903471607958,ETE61564.1_1,Opha Zinc finger protein  ,Ophiophagus hannah,Zinc finger protein  ,ThreeFTXs,1.99e-166,3.62,20.14,Trinity,Merger,Toxin,130
Oxae3102,TRINITY_DN12241_c2_g1::TRINITY_DN12241_c2_g1_i1::g.8169::m.8169,4.383358695385111,ETE70089.1_1,Opha Zinc finger protein Rlf  ,Ophiophagus hannah,Zinc finger protein Rlf  ,ThreeFTXs,0,3.57,19.87,Trinity,Merger,Toxin,131
Oxae3102,TRINITY_DN65219_c0_g1::TRINITY_DN65219_c0_g1_i1::g.3105::m.3105,4.321928094887363,ETE65069.1_1,Opha Zinc finger protein  ,Ophiophagus hannah,Zinc finger protein  ,ThreeFTXs,4.86e-161,3.42,19,Trinity,Merger,Toxin,132
Oxae3102,TRINITY_DN1494_c0_g1::TRINITY_DN1494_c0_g1_i7::g.10535::m.10535,4.294253136444514,gi|537444763|gb|GAEP01002048.1|,TSA  Micrurus fulvius Mfulv PLA2 4b seq mRNA sequence,Micrurus fulvius,PLA2-4b.seq mRNA sequence,PLA2,0,3.35,18.62,Trinity,Merger,Toxin,133
Oxae3102,TRINITY_DN10043_c0_g1::TRINITY_DN10043_c0_g1_i1::g.6802::m.6802,4.275752048828529,ETE64098.1_1,Opha Endoplasmic reticulum metallopeptidase 1  ,Ophiophagus hannah,Endoplasmic reticulum metallopeptidase 1  ,SVMP,0,3.3,18.37,Trinity,Merger,Toxin,134
Oxae3102,TRINITY_DN1494_c0_g1::TRINITY_DN1494_c0_g1_i3::g.10537::m.10537,4.256255873202732,gi|537444794|gb|GAEP01002036.1|,TSA  Micrurus fulvius Mfulv PLA2 2e seq mRNA sequence,Micrurus fulvius,PLA2-2e.seq mRNA sequence,PLA2,3.6e-99,3.25,18.11,Trinity,Merger,Toxin,135
Oxae3102,TRINITY_DN81371_c0_g1::TRINITY_DN81371_c0_g1_i1::g.5557::m.5557,4.246408087246385,ETE61564.1_1,Opha Zinc finger protein  ,Ophiophagus hannah,Zinc finger protein  ,ThreeFTXs,5.36e-127,3.23,17.98,Trinity,Merger,Toxin,136
Oxae3102,TRINITY_DN40740_c0_g1::TRINITY_DN40740_c0_g1_i2::g.17953::m.17953,4.228049047884462,ETE58035.1_1,Opha Plasminogen activator inhibitor 1  ,Ophiophagus hannah,Plasminogen activator inhibitor 1  ,SVSP,5.82e-131,3.19,17.74,Trinity,Merger,Toxin,137
Oxae3102,TRINITY_DN4745_c0_g1::TRINITY_DN4745_c0_g1_i1::g.241::m.241,4.207892851641333,ETE59032.1_1,Opha Bromodomain adjacent to zinc finger domain protein 1A  ,Ophiophagus hannah,Bromodomain adjacent to zinc finger domain protein 1A  ,ThreeFTXs,9.87e-119,3.14,17.48,Trinity,Merger,Toxin,138
Oxae3102,TRINITY_DN5833_c0_g1::TRINITY_DN5833_c0_g1_i3::g.17856::m.17856,4.198494153639083,ETE70310.1_1,Opha Zinc finger protein DZIP1  ,Ophiophagus hannah,Zinc finger protein DZIP1  ,ThreeFTXs,0,3.12,17.36,Trinity,Merger,Toxin,139
Oxae3102,TRINITY_DN83879_c0_g1::TRINITY_DN83879_c0_g1_i1::g.11536::m.11536,4.168321115739722,gi|537459149|gb|GAEP01001207.1|,TSA  Micrurus fulvius Mfulv ProteaseReg7 mRNA sequence,Micrurus fulvius,ProteaseReg7 mRNA sequence,SVSP,0,3.05,16.98,Trinity,Merger,Toxin,140
Oxae3102,TRINITY_DN30968_c0_g1::TRINITY_DN30968_c0_g1_i2::g.18569::m.18569,4.161081482277184,gi|752778708|gb|GBSH01002099.1|,TSA  Boiga irregularis Birre Protease8 transcribed RNA sequence,Boiga irregularis,Protease8 transcribed RNA sequence,SVSP,5.06e-161,3.04,16.89,Trinity,Merger,Toxin,141
Oxae3102,TRINITY_DN23456_c0_g1::TRINITY_DN23456_c0_g1_i1::g.17845::m.17845,4.140778655782796,gi|752779200|gb|GBSH01001859.1|,TSA  Boiga irregularis Birre NUCr1D transcribed RNA sequence,Boiga irregularis,NUCr1D transcribed RNA sequence,Other,0,2.99,16.64,Trinity,Merger,Toxin,142
Oxae3102,TRINITY_DN90824_c0_g1::TRINITY_DN90824_c0_g1_i1::g.3286::m.3286,4.125155131322289,ETE57550.1_1,Opha Zinc finger and SCAN domain containing protein 18  ,Ophiophagus hannah,Zinc finger and SCAN domain-containing protein 18  ,ThreeFTXs,8.85e-52,2.96,16.45,Trinity,Merger,Toxin,143
Oxae3102,TRINITY_DN12224_c0_g1::TRINITY_DN12224_c0_g1_i1::g.8165::m.8165,4.1001366712854495,ETE73877.1_1,Opha Bromodomain adjacent to zinc finger domain protein 2A  ,Ophiophagus hannah,Bromodomain adjacent to zinc finger domain protein 2A  ,ThreeFTXs,0,2.9,16.15,Trinity,Merger,Toxin,144
Oxae3102,TRINITY_DN1157_c1_g1::TRINITY_DN1157_c1_g1_i3::g.2276::m.2276,4.064365540263628,ETE66298.1_1,Opha Zinc finger MYM type protein 4 ,Ophiophagus hannah,Zinc finger MYM-type protein 4 ,ThreeFTXs,8.3e-46,2.83,15.73,Trinity,Merger,Toxin,145
Oxae3102,TRINITY_DN11670_c0_g1::TRINITY_DN11670_c0_g1_i1::g.1126::m.1126,4.049630767724601,ETE61605.1_1,Opha Macrge metalloelastase  ,Ophiophagus hannah,Macrge metalloelastase  ,SVMP,9.64e-89,2.8,15.56,Trinity,Merger,Toxin,146
Oxae3102,TRINITY_DN5020_c0_g1::TRINITY_DN5020_c0_g1_i3::g.18163::m.18163,4.038260575175349,ETE72963.1_1,Opha Lon protease like 2  peroxisomal  ,Ophiophagus hannah,"Lon protease-like 2, peroxisomal  ",SVSP,0,2.77,15.43,Trinity,Merger,Toxin,147
Oxae3102,TRINITY_DN88813_c0_g1::TRINITY_DN88813_c0_g1_i1::g.5704::m.5704,4.01435529297707,ETE66570.1_1,Opha Zinc finger protein  ,Ophiophagus hannah,Zinc finger protein  ,ThreeFTXs,1.15e-152,2.72,15.16,Trinity,Merger,Toxin,148
Oxae3102,TRINITY_DN3611_c8_g1::TRINITY_DN3611_c8_g1_i1::g.4149::m.4149,4.00539998774259,ETE68527.1_1,Opha Zinc finger homeobox protein 4  ,Ophiophagus hannah,Zinc finger homeobox protein 4  ,ThreeFTXs,0,2.71,15.06,Trinity,Merger,Toxin,149
Oxae3102,TRINITY_DN75899_c0_g1::TRINITY_DN75899_c0_g1_i1::g.4524::m.4524,3.980025300238734,ETE71300.1_1,Opha Zinc finger E box binding homeobox 2  ,Ophiophagus hannah,Zinc finger E-box-binding homeobox 2  ,ThreeFTXs,0,2.66,14.78,Trinity,Merger,Toxin,150
Oxae3102,TRINITY_DN32539_c0_g1::TRINITY_DN32539_c0_g1_i1::g.17809::m.17809,3.9736112755194717,ETE63215.1_1,Opha Zinc finger protein  ,Ophiophagus hannah,Zinc finger protein  ,ThreeFTXs,3.18e-25,2.64,14.71,Trinity,Merger,Toxin,151
Oxae3102,TRINITY_DN10005_c0_g1::TRINITY_DN10005_c0_g1_i1::g.6819::m.6819,3.9541963103868754,gi|752782854|gb|GBSH01000100.1|,TSA  Boiga irregularis Birre SVMPIII 3d transcribed RNA sequence,Boiga irregularis,SVMPIII-3d transcribed RNA sequence,SVMP,6.21e-141,2.61,14.5,Trinity,Merger,Toxin,152
Oxae3102,TRINITY_DN26064_c0_g1::TRINITY_DN26064_c0_g1_i1::g.1411::m.1411,3.9126498648972037,ETE74124.1_1,Opha putative helicase with zinc finger domain protein  ,Ophiophagus hannah,putative helicase with zinc finger domain protein  ,ThreeFTXs,5.31e-176,2.53,14.06,Trinity,Merger,Toxin,153
Oxae3102,TRINITY_DN79537_c0_g1::TRINITY_DN79537_c0_g1_i1::g.12991::m.12991,3.904002316283692,ETE67972.1_1,Opha Zinc finger protein  ,Ophiophagus hannah,Zinc finger protein  ,ThreeFTXs,0,2.51,13.97,Trinity,Merger,Toxin,154
Oxae3102,TRINITY_DN20386_c3_g1::TRINITY_DN20386_c3_g1_i1::g.16086::m.16086,3.903038270112912,ETE58993.1_1,Opha Zinc finger and BTB domain containing protein 12  ,Ophiophagus hannah,Zinc finger and BTB domain-containing protein 12  ,ThreeFTXs,2.27e-142,2.51,13.96,Trinity,Merger,Toxin,155
Oxae3102,TRINITY_DN4655_c0_g1::TRINITY_DN4655_c0_g1_i1::g.16341::m.16341,3.8728287595348854,ETE62440.1_1,Opha Zinc finger protein 40  ,Ophiophagus hannah,Zinc finger protein 40  ,ThreeFTXs,2.29e-106,2.45,13.65,Trinity,Merger,Toxin,156
Oxae3102,TRINITY_DN55759_c0_g1::TRINITY_DN55759_c0_g1_i1::g.7852::m.7852,3.8579809951275723,gi|752781998|gb|GBSH01000508.1|,TSA  Boiga irregularis Birre CAAXProtease transcribed RNA sequence,Boiga irregularis,CAAXProtease transcribed RNA sequence,SVSP,1.03e-157,2.43,13.5,Trinity,Merger,Toxin,157
Oxae3102,TRINITY_DN40011_c0_g1::TRINITY_DN40011_c0_g1_i5::g.15270::m.15270,3.855989697308481,gi|752782920|gb|GBSH01000071.1|,TSA  Boiga irregularis Birre CTL 3 transcribed RNA sequence,Boiga irregularis,CTL-3 transcribed RNA sequence,Other,8.25e-171,2.42,13.48,Trinity,Merger,Toxin,158
Oxae3102,TRINITY_DN4801_c0_g1::TRINITY_DN4801_c0_g1_i1::g.12876::m.12876,3.8196681834964554,gi|752778940|gb|GBSH01001989.1|,TSA  Boiga irregularis Birre PLA2Inh gB 1 transcribed RNA sequence,Boiga irregularis,PLA2Inh-gB-1 transcribed RNA sequence,PLA2,0,2.36,13.12,Trinity,Merger,Toxin,159
Oxae3102,TRINITY_DN1494_c0_g1::TRINITY_DN1494_c0_g1_i2::g.10533::m.10533,3.800123352826528,gi|537444768|gb|GAEP01002046.1|,TSA  Micrurus fulvius Mfulv PLA2 3b seq mRNA sequence,Micrurus fulvius,PLA2-3b.seq mRNA sequence,PLA2,0,2.32,12.93,Trinity,Merger,Toxin,160
Oxae3102,TRINITY_DN2682_c0_g1::TRINITY_DN2682_c0_g1_i1::g.11431::m.11431,3.793895882548878,ETE57003.1_1,Opha Zinc finger protein  ,Ophiophagus hannah,Zinc finger protein  ,ThreeFTXs,1e-169,2.31,12.87,Trinity,Merger,Toxin,161
Oxae3102,TRINITY_DN14363_c0_g1::TRINITY_DN14363_c0_g1_i1::g.5353::m.5353,3.769771739249448,ETE68527.1_1,Opha Zinc finger homeobox protein 4  ,Ophiophagus hannah,Zinc finger homeobox protein 4  ,ThreeFTXs,0,2.27,12.64,Trinity,Merger,Toxin,162
Oxae3102,TRINITY_DN2282_c0_g1::TRINITY_DN2282_c0_g1_i4::g.18923::m.18923,3.7687136570304847,ETE65855.1_1,Opha MORC family CW type zinc finger protein 3  ,Ophiophagus hannah,MORC family CW-type zinc finger protein 3  ,ThreeFTXs,0,2.27,12.63,Trinity,Merger,Toxin,163
Oxae3102,TRINITY_DN7872_c0_g1::TRINITY_DN7872_c0_g1_i2::g.2016::m.2016,3.753818443173543,gi|537459640|gb|GAEP01001109.1|,TSA  Micrurus fulvius Mfulv PHDFinger14 mRNA sequence,Micrurus fulvius,PHDFinger14 mRNA sequence,ThreeFTXs,0,2.24,12.49,Trinity,Merger,Toxin,164
Oxae3102,TRINITY_DN777_c0_g1::TRINITY_DN777_c0_g1_i3::g.18478::m.18478,3.7420062108667365,ETE59315.1_1,Opha Cysteine and histidine rich protein 1 B  ,Ophiophagus hannah,Cysteine and histidine-rich protein 1-B  ,CRISP,2.54e-100,2.22,12.38,Trinity,Merger,Toxin,165
Oxae3102,TRINITY_DN9092_c0_g1::TRINITY_DN9092_c0_g1_i6::g.10595::m.10595,3.7322691995014496,gi|752782933|gb|GBSH01000065.1|,TSA  Boiga irregularis Birre CRISP 1a transcribed RNA sequence,Boiga irregularis,CRISP-1a transcribed RNA sequence,CRISP,1.3e-12,2.21,12.29,Trinity,Merger,Toxin,166
Oxae3102,TRINITY_DN13932_c0_g1::TRINITY_DN13932_c0_g1_i1::g.3388::m.3388,3.6610654798069477,gi|752782871|gb|GBSH01000093.1|,TSA  Boiga irregularis Birre PLA2 1b transcribed RNA sequence,Boiga irregularis,PLA2-1b transcribed RNA sequence,PLA2,3.52e-154,2.09,11.65,Trinity,Merger,Toxin,167
Oxae3102,TRINITY_DN70860_c0_g1::TRINITY_DN70860_c0_g1_i1::g.19358::m.19358,3.6217588567097327,gi|752782871|gb|GBSH01000093.1|,TSA  Boiga irregularis Birre PLA2 1b transcribed RNA sequence,Boiga irregularis,PLA2-1b transcribed RNA sequence,PLA2,5.97e-156,2.03,11.31,Trinity,Merger,Toxin,168
Oxae3102,TRINITY_DN64380_c0_g1::TRINITY_DN64380_c0_g1_i1::g.9843::m.9843,3.6158870739160567,ETE65190.1_1,Opha Zinc finger protein  ,Ophiophagus hannah,Zinc finger protein  ,ThreeFTXs,5.28e-131,2.02,11.26,Trinity,Merger,Toxin,169
Oxae3102,TRINITY_DN3332_c0_g1::TRINITY_DN3332_c0_g1_i4::g.15125::m.15125,3.6099912952126787,ETE59988.1_1,Opha DNL type zinc finger protein ,Ophiophagus hannah,DNL-type zinc finger protein ,ThreeFTXs,3.15e-140,2.01,11.21,Trinity,Merger,Toxin,170
Oxae3102,TRINITY_DN29752_c0_g1::TRINITY_DN29752_c0_g1_i1::g.12231::m.12231,3.595742339474399,gi|537458565|gb|GAEP01001313.1|,TSA  Micrurus fulvius Mfulv RINGFinger 10 mRNA sequence,Micrurus fulvius,RINGFinger-10 mRNA sequence,ThreeFTXs,1.63e-176,1.99,11.09,Trinity,Merger,Toxin,171
Oxae3102,TRINITY_DN48304_c0_g1::TRINITY_DN48304_c0_g1_i1::g.7398::m.7398,3.583759753639499,gi|752782923|gb|GBSH01000070.1|,TSA  Boiga irregularis Birre CTL 2 transcribed RNA sequence,Boiga irregularis,CTL-2 transcribed RNA sequence,Other,0,1.97,10.99,Trinity,Merger,Toxin,172
Oxae3102,TRINITY_DN2944_c0_g1::TRINITY_DN2944_c0_g1_i1::g.1169::m.1169,3.5741015080893894,gi|699236739|gb|GBSI01000011.1|,Htorq CTL 5 transcribed RNA sequence,HypsiglenaÂ sp,CTL-5 transcribed RNA sequence,Other,8.81e-166,1.96,10.91,Trinity,Merger,Toxin,173
Oxae3102,TRINITY_DN31935_c0_g1::TRINITY_DN31935_c0_g1_i1::g.3229::m.3229,3.5447326559326235,gi|537459640|gb|GAEP01001109.1|,TSA  Micrurus fulvius Mfulv PHDFinger14 mRNA sequence,Micrurus fulvius,PHDFinger14 mRNA sequence,ThreeFTXs,0,1.92,10.67,Trinity,Merger,Toxin,174
Oxae3102,TRINITY_DN78889_c0_g1::TRINITY_DN78889_c0_g1_i1::g.6471::m.6471,3.5447326559326235,ETE60386.1_1,Opha Zinc finger protein castor like 1  ,Ophiophagus hannah,Zinc finger protein castor-like 1  ,ThreeFTXs,0,1.92,10.67,Trinity,Merger,Toxin,175
Oxae3102,TRINITY_DN80669_c0_g1::TRINITY_DN80669_c0_g1_i1::g.6299::m.6299,3.541019153133559,gi|537459525|gb|GAEP01001140.1|,TSA  Micrurus fulvius Mfulv PLA2XIIA mRNA sequence,Micrurus fulvius,PLA2XIIA mRNA sequence,PLA2,1.95e-161,1.91,10.64,Trinity,Merger,Toxin,176
Oxae3102,TRINITY_DN40740_c0_g1::TRINITY_DN40740_c0_g1_i1::g.17954::m.17954,3.5397791916984938,ETE58035.1_1,Opha Plasminogen activator inhibitor 1  ,Ophiophagus hannah,Plasminogen activator inhibitor 1  ,SVSP,7.46e-111,1.91,10.63,Trinity,Merger,Toxin,177
Oxae3102,TRINITY_DN4869_c0_g1::TRINITY_DN4869_c0_g1_i2::g.12853::m.12853,3.5223068928713888,ETE68567.1_1,Opha Atrial natriuretic peptide receptor 3  ,Ophiophagus hannah,Atrial natriuretic peptide receptor 3  ,Other,6.37e-52,1.88,10.49,Trinity,Merger,Toxin,178
Oxae3102,TRINITY_DN13645_c0_g1::TRINITY_DN13645_c0_g1_i1::g.18500::m.18500,3.5008020530571575,ETE67953.1_1,Opha RING finger protein 31  ,Ophiophagus hannah,RING finger protein 31  ,ThreeFTXs,1.25e-60,1.85,10.32,Trinity,Merger,Toxin,179
Oxae3102,TRINITY_DN26404_c0_g1::TRINITY_DN26404_c0_g1_i1::g.6779::m.6779,3.493134922305505,ETE71732.1_1,Opha Zinc finger MIZ domain containing protein 2  ,Ophiophagus hannah,Zinc finger MIZ domain-containing protein 2  ,ThreeFTXs,0,1.84,10.26,Trinity,Merger,Toxin,180
Oxae3102,TRINITY_DN38130_c0_g1::TRINITY_DN38130_c0_g1_i1::g.3299::m.3299,3.486714373030702,ETE71062.1_1,Opha Zinc finger protein  ,Ophiophagus hannah,Zinc finger protein  ,ThreeFTXs,0,1.83,10.21,Trinity,Merger,Toxin,181
Oxae3102,TRINITY_DN15921_c0_g1::TRINITY_DN15921_c0_g1_i1::g.20145::m.20145,3.4724877714627436,gi|752779202|gb|GBSH01001858.1|,TSA  Boiga irregularis Birre NUCr1 transcribed RNA sequence,Boiga irregularis,NUCr1 transcribed RNA sequence,Other,0,1.81,10.1,Trinity,Merger,Toxin,182
Oxae3102,TRINITY_DN932_c0_g2::TRINITY_DN932_c0_g2_i9::g.14760::m.14760,3.456806149230474,ETE67802.1_1,Opha Zinc finger protein ,Ophiophagus hannah,Zinc finger protein ,ThreeFTXs,0,1.79,9.98,Trinity,Merger,Toxin,183
Oxae3102,TRINITY_DN49238_c0_g1::TRINITY_DN49238_c0_g1_i1::g.20042::m.20042,3.396433531250992,ETE66754.1_1,Opha Zinc finger and SCAN domain containing protein 20  ,Ophiophagus hannah,Zinc finger and SCAN domain-containing protein 20  ,ThreeFTXs,0,1.71,9.53,Trinity,Merger,Toxin,184
Oxae3102,TRINITY_DN7305_c0_g1::TRINITY_DN7305_c0_g1_i1::g.15876::m.15876,3.2942531364445142,ETE72563.1_1,Opha Lon protease like  ,Ophiophagus hannah,Lon protease-like  ,SVSP,0,1.58,8.81,Trinity,Merger,Toxin,185
Oxae3102,TRINITY_DN86880_c0_g1::TRINITY_DN86880_c0_g1_i1::g.1289::m.1289,3.2839217723076173,gi|1446201935|gb|MH233091.1|,Spilotes sulphureus phospholipase B mRNA  partial cds,Spilotes sulphureus,"Spilotes sulphureus phospholipase B mRNA, partial cds",PLB,1.17e-177,1.57,8.74,Trinity,Merger,Toxin,186
Oxae3102,TRINITY_DN21572_c0_g1::TRINITY_DN21572_c0_g1_i1::g.12918::m.12918,3.1795110502715103,ETE60032.1_1,Opha Zinc finger HIT domain containing protein 2  ,Ophiophagus hannah,Zinc finger HIT domain-containing protein 2  ,ThreeFTXs,4.53e-129,1.45,8.06,Trinity,Merger,Toxin,187
Oxae3102,TRINITY_DN2980_c0_g1::TRINITY_DN2980_c0_g1_i3::g.1162::m.1162,3.035623909730721,ETE71614.1_1,Opha TRAF type zinc finger domain containing protein 1  ,Ophiophagus hannah,TRAF-type zinc finger domain-containing protein 1  ,ThreeFTXs,3.83e-26,1.29,7.2,Trinity,Merger,Toxin,188
Oxae3102,TRINITY_DN2944_c0_g1::TRINITY_DN2944_c0_g1_i2::g.1171::m.1171,2.9164766444377164,gi|699236739|gb|GBSI01000011.1|,Htorq CTL 5 transcribed RNA sequence,HypsiglenaÂ sp,CTL-5 transcribed RNA sequence,Other,1.12e-174,1.18,6.55,Trinity,Merger,Toxin,189
Oxae3102,TRINITY_DN7337_c1_g1::TRINITY_DN7337_c1_g1_i1::g.15883::m.15883,2.8875252707415875,gi|752779245|gb|GBSH01001837.1|,TSA  Boiga irregularis Birre NUC3 transcribed RNA sequence,Boiga irregularis,NUC3 transcribed RNA sequence,Other,0,1.15,6.4,Trinity,Merger,Toxin,190
Oxae3102,TRINITY_DN6587_c0_g1::TRINITY_DN6587_c0_g1_i1::g.8100::m.8100,2.8639384504239715,ETE67676.1_1,Opha Zinc finger protein ZXDC  ,Ophiophagus hannah,Zinc finger protein ZXDC  ,ThreeFTXs,0,1.13,6.28,Trinity,Merger,Toxin,191
Oxae3102,TRINITY_DN83285_c0_g1::TRINITY_DN83285_c0_g1_i1::g.9524::m.9524,2.845991770664573,gi|521756095|gb|GAAZ01001765.1|,TSA  Crotalus horridus Chorr PHDFinger20 mRNA sequence,Crotalus horridus,PHDFinger20 mRNA sequence,ThreeFTXs,6.59e-151,1.11,6.19,Trinity,Merger,Toxin,192
Oxae3102,TRINITY_DN54803_c0_g1::TRINITY_DN54803_c0_g1_i1::g.3619::m.3619,2.729008870337863,ETE62859.1_1,Opha Membrane bound transcription factor site 2 protease  ,Ophiophagus hannah,Membrane-bound transcription factor site-2 protease  ,SVSP,2.44e-134,1.01,5.63,Trinity,Merger,Toxin,193
Oxae3102,TRINITY_DN10619_c0_g1::TRINITY_DN10619_c0_g1_i1::g.8634::m.8634,NA,ETE64274.1_1,Opha Zinc finger X chromosomal protein  ,Ophiophagus hannah,Zinc finger X-chromosomal protein  ,ThreeFTXs,6.73e-155,0,0,Trinity,Merger,Toxin,194
Oxae3102,TRINITY_DN11387_c0_g1::TRINITY_DN11387_c0_g1_i1::g.16310::m.16310,NA,gi|752778328|gb|GBSH01002281.1|,TSA  Boiga irregularis Birre RINGFinger 121 transcribed RNA sequence,Boiga irregularis,RINGFinger-121 transcribed RNA sequence,ThreeFTXs,5.29e-171,0,0,Trinity,Merger,Toxin,195
Oxae3102,TRINITY_DN1184_c0_g1::TRINITY_DN1184_c0_g1_i1::g.2184::m.2184,NA,ETE65056.1_1,Opha Zinc finger CCHC domain containing protein 9  ,Ophiophagus hannah,Zinc finger CCHC domain-containing protein 9  ,ThreeFTXs,3.91e-168,0,0,Trinity,Merger,Toxin,196
Oxae3102,TRINITY_DN12111_c0_g1::TRINITY_DN12111_c0_g1_i1::g.15944::m.15944,NA,ETE70242.1_1,Opha Zinc finger and BTB domain containing protein 8A  ,Ophiophagus hannah,Zinc finger and BTB domain-containing protein 8A  ,ThreeFTXs,1.83e-76,0,0,Trinity,Merger,Toxin,197
Oxae3102,TRINITY_DN1282_c0_g1::TRINITY_DN1282_c0_g1_i1::g.14284::m.14284,NA,ETE62980.1_1,Opha putative phospholipase B like 2  ,Ophiophagus hannah,putative phospholipase B-like 2  ,PLB,3.75e-153,0.79,4.37,Trinity,Merger,Toxin,198
Oxae3102,TRINITY_DN13037_c0_g2::TRINITY_DN13037_c0_g2_i1::g.7864::m.7864,NA,ETE65628.1_1,Opha Zinc finger protein ,Ophiophagus hannah,Zinc finger protein ,ThreeFTXs,8.67e-170,0.51,2.82,Trinity,Merger,Toxin,199
Oxae3102,TRINITY_DN1494_c0_g1::TRINITY_DN1494_c0_g1_i1::g.10534::m.10534,NA,gi|537444768|gb|GAEP01002046.1|,TSA  Micrurus fulvius Mfulv PLA2 3b seq mRNA sequence,Micrurus fulvius,PLA2-3b.seq mRNA sequence,PLA2,7.16e-156,0,0,Trinity,Merger,Toxin,200
Oxae3102,TRINITY_DN20219_c0_g1::TRINITY_DN20219_c0_g1_i2::g.3742::m.3742,NA,ETE67691.1_1,Opha Zinc finger MIZ domain containing protein 1  ,Ophiophagus hannah,Zinc finger MIZ domain-containing protein 1  ,ThreeFTXs,7.42e-131,0,0,Trinity,Merger,Toxin,201
Oxae3102,TRINITY_DN23303_c0_g1::TRINITY_DN23303_c0_g1_i1::g.11874::m.11874,NA,ETE66570.1_1,Opha Zinc finger protein  ,Ophiophagus hannah,Zinc finger protein  ,ThreeFTXs,2.42e-154,0.96,5.33,Trinity,Merger,Toxin,202
Oxae3102,TRINITY_DN23694_c0_g1::TRINITY_DN23694_c0_g1_i1::g.9602::m.9602,NA,ETE68171.1_1,Opha Zinc finger homeobox protein 3  ,Ophiophagus hannah,Zinc finger homeobox protein 3  ,ThreeFTXs,9.65e-154,0.74,4.09,Trinity,Merger,Toxin,203
Oxae3102,TRINITY_DN23844_c0_g1::TRINITY_DN23844_c0_g1_i1::g.15061::m.15061,NA,ETE70310.1_1,Opha Zinc finger protein DZIP1  ,Ophiophagus hannah,Zinc finger protein DZIP1  ,ThreeFTXs,8.02e-110,0.72,4.01,Trinity,Merger,Toxin,204
Oxae3102,TRINITY_DN2_c0_g3::TRINITY_DN2_c0_g3_i2::g.701::m.701,NA,ETE58238.1_1,Opha Zinc finger CCHC type and RNA binding motif containing protein 1 ,Ophiophagus hannah,Zinc finger CCHC-type and RNA-binding motif-containing protein 1 ,ThreeFTXs,0,0,0,Trinity,Merger,Toxin,205
Oxae3102,TRINITY_DN4084_c0_g2::TRINITY_DN4084_c0_g2_i1::g.5846::m.5846,NA,ETE61564.1_1,Opha Zinc finger protein  ,Ophiophagus hannah,Zinc finger protein  ,ThreeFTXs,1.21e-142,0,0,Trinity,Merger,Toxin,206
Oxae3102,TRINITY_DN41202_c0_g1::TRINITY_DN41202_c0_g1_i1::g.20177::m.20177,NA,gi|699236633|gb|GBSI01000064.1|,Htorq SVMPIII 5 transcribed RNA sequence,HypsiglenaÂ sp,SVMPIII-5 transcribed RNA sequence,SVMP,1.77e-111,0.68,3.77,Trinity,Merger,Toxin,207
Oxae3102,TRINITY_DN41202_c0_g2::TRINITY_DN41202_c0_g2_i1::g.20178::m.20178,NA,gi|699236649|gb|GBSI01000056.1|,Htorq SVMPIII 14c transcribed RNA sequence,HypsiglenaÂ sp,SVMPIII-14c transcribed RNA sequence,SVMP,7.29e-55,0,0,Trinity,Merger,Toxin,208
Oxae3102,TRINITY_DN43147_c0_g1::TRINITY_DN43147_c0_g1_i1::g.16577::m.16577,NA,ETE62980.1_1,Opha putative phospholipase B like 2  ,Ophiophagus hannah,putative phospholipase B-like 2  ,PLB,9.98e-66,0.65,3.59,Trinity,Merger,Toxin,209
Oxae3102,TRINITY_DN43_c0_g1::TRINITY_DN43_c0_g1_i22::g.690::m.690,NA,gi|752782972|gb|GBSH01000047.1|,TSA  Boiga irregularis Birre 3FTx 8b transcribed RNA sequence,Boiga irregularis,3FTx-8b transcribed RNA sequence,ThreeFTXs,2.13e-50,0,0,Trinity,Merger,Toxin,210
Oxae3102,TRINITY_DN51564_c0_g1::TRINITY_DN51564_c0_g1_i1::g.9133::m.9133,NA,ETE70721.1_1,Opha Ankyrin repeat and zinc finger domain containing protein 1 ,Ophiophagus hannah,Ankyrin repeat and zinc finger domain-containing protein 1 ,ThreeFTXs,4.98e-151,0,0,Trinity,Merger,Toxin,211
Oxae3102,TRINITY_DN5343_c2_g3::TRINITY_DN5343_c2_g3_i1::g.19775::m.19775,NA,ETE71732.1_1,Opha Zinc finger MIZ domain containing protein 2  ,Ophiophagus hannah,Zinc finger MIZ domain-containing protein 2  ,ThreeFTXs,1.42e-131,0,0,Trinity,Merger,Toxin,212
Oxae3102,TRINITY_DN5468_c0_g1::TRINITY_DN5468_c0_g1_i3::g.3914::m.3914,NA,ETE72880.1_1,Opha Zinc finger protein  ,Ophiophagus hannah,Zinc finger protein  ,ThreeFTXs,2.18e-140,0,0,Trinity,Merger,Toxin,213
Oxae3102,TRINITY_DN57513_c0_g1::TRINITY_DN57513_c0_g1_i1::g.20163::m.20163,NA,ETE68672.1_1,Opha Zinc finger SWIM domain containing protein  ,Ophiophagus hannah,Zinc finger SWIM domain-containing protein  ,ThreeFTXs,0,0.65,3.63,Trinity,Merger,Toxin,214
Oxae3102,TRINITY_DN5833_c0_g1::TRINITY_DN5833_c0_g1_i1::g.17855::m.17855,NA,ETE70310.1_1,Opha Zinc finger protein DZIP1  ,Ophiophagus hannah,Zinc finger protein DZIP1  ,ThreeFTXs,5.99e-136,0,0,Trinity,Merger,Toxin,215
Oxae3102,TRINITY_DN59751_c0_g1::TRINITY_DN59751_c0_g1_i1::g.1651::m.1651,NA,ETE68955.1_1,Opha Zinc finger protein Eos  ,Ophiophagus hannah,Zinc finger protein Eos  ,ThreeFTXs,0,0.64,3.56,Trinity,Merger,Toxin,216
Oxae3102,TRINITY_DN66166_c0_g1::TRINITY_DN66166_c0_g1_i1::g.2635::m.2635,NA,ETE72563.1_1,Opha Lon protease like  ,Ophiophagus hannah,Lon protease-like  ,SVSP,2.46e-164,0,0,Trinity,Merger,Toxin,217
Oxae3102,TRINITY_DN66489_c0_g1::TRINITY_DN66489_c0_g1_i1::g.20065::m.20065,NA,ETE65985.1_1,Opha Antithrombin III  ,Ophiophagus hannah,Antithrombin-III  ,SVSP,5.21e-141,0,0,Trinity,Merger,Toxin,218
Oxae3102,TRINITY_DN66517_c0_g1::TRINITY_DN66517_c0_g1_i1::g.20118::m.20118,NA,ETE73012.1_1,Opha Bromodomain adjacent to zinc finger domain protein 1A  ,Ophiophagus hannah,Bromodomain adjacent to zinc finger domain protein 1A  ,ThreeFTXs,5.46e-176,0.79,4.37,Trinity,Merger,Toxin,219
Oxae3102,TRINITY_DN68325_c0_g1::TRINITY_DN68325_c0_g1_i1::g.4110::m.4110,NA,ETE71732.1_1,Opha Zinc finger MIZ domain containing protein 2  ,Ophiophagus hannah,Zinc finger MIZ domain-containing protein 2  ,ThreeFTXs,5.51e-156,0,0,Trinity,Merger,Toxin,220
Oxae3102,TRINITY_DN82996_c0_g1::TRINITY_DN82996_c0_g1_i1::g.20515::m.20515,NA,ETE67953.1_1,Opha RING finger protein 31  ,Ophiophagus hannah,RING finger protein 31  ,ThreeFTXs,1.18e-67,0,0,Trinity,Merger,Toxin,221
Oxae3102,TRINITY_DN85401_c0_g1::TRINITY_DN85401_c0_g1_i1::g.19700::m.19700,NA,gi|387018545|gb|JU175867.1|,TSA  Crotalus adamanteus Cadam SerineProtease23  mRNA sequence,Crotalus adamanteus,"SerineProtease23, mRNA sequence",SVSP,1.05e-137,0,0,Trinity,Merger,Toxin,222
Oxae3102,TRINITY_DN87356_c0_g1::TRINITY_DN87356_c0_g1_i1::g.16073::m.16073,NA,ETE68171.1_1,Opha Zinc finger homeobox protein 3  ,Ophiophagus hannah,Zinc finger homeobox protein 3  ,ThreeFTXs,2.65e-144,0,0,Trinity,Merger,Toxin,223
Oxae3102,TRINITY_DN87724_c0_g1::TRINITY_DN87724_c0_g1_i1::g.13093::m.13093,NA,ETE70089.1_1,Opha Zinc finger protein Rlf  ,Ophiophagus hannah,Zinc finger protein Rlf  ,ThreeFTXs,1.64e-126,0.77,4.27,Trinity,Merger,Toxin,224
Oxae3102,TRINITY_DN1902_c1_g1::TRINITY_DN1902_c1_g1_i1::g.8945::m.8945,NA,somethingtotrickblast196,Bothrops jararaca BJARARACA seMMP,Bothrops jararaca,Bothrops jararaca BJARARACA_seMMP,Other,1.02e-8,0,0,Trinity,Merger,Toxin,225
Oxae3102,TRINITY_DN56240_c0_g1::TRINITY_DN56240_c0_g1_i1::g.3209::m.3209,NA,gi|752778356|gb|GBSH01002267.1|,TSA  Boiga irregularis Birre RibPPKin2 transcribed RNA sequence,Boiga irregularis,RibPPKin2 transcribed RNA sequence,Other,5.11e-161,0,0,Trinity,Merger,Toxin,226
Oxae3102,TRINITY_DN68215_c0_g1::TRINITY_DN68215_c0_g1_i1::g.19688::m.19688,NA,gi|537444940|gb|GAEP01001978.1|,TSA  Micrurus fulvius Mfulv CTL 1a seq mRNA sequence,Micrurus fulvius,CTL-1a.seq mRNA sequence,Other,0,0.8,4.44,Trinity,Merger,Toxin,227
